<?xml version="1.0" encoding="UTF-8"?>
<folder exportedWithPermissions="true">
    <parent>/themes/default</parent>
    <name>fonts</name>
    <label>fonts</label>
    <creationDate>2020-06-19T23:02:28.599Z</creationDate>
    <updateDate>2019-12-06T22:54:11.981Z</updateDate>
    <resource>operators.eot</resource>
    <resource>operators.svg</resource>
    <resource>operators.ttf</resource>
    <resource>operators.woff</resource>
    <resource>sourcesanspro-bold.ttf</resource>
    <resource>sourcesanspro-bold-webfont.woff</resource>
    <resource>sourcesanspro-bold-webfont.woff2</resource>
    <resource>sourcesanspro-regular.ttf</resource>
    <resource>sourcesanspro-regular-webfont.woff</resource>
    <resource>sourcesanspro-regular-webfont.woff2</resource>
    <resource>sourcesanspro-semibold.ttf</resource>
    <resource>sourcesanspro-semibold-webfont.woff</resource>
    <resource>sourcesanspro-semibold-webfont.woff2</resource>
</folder>
