<?xml version="1.0" encoding="UTF-8"?>
<folder exportedWithPermissions="true">
    <parent>/</parent>
    <name>datasources</name>
    <label>Data Sources</label>
    <description>Data Sources used by reports</description>
    <creationDate>2020-06-19T23:09:58.407Z</creationDate>
    <updateDate>2019-12-06T22:54:35.798Z</updateDate>
    <resource>postgres</resource>
    <permission>
        <permissionMask>32</permissionMask>
        <recipient recipientType="role">ROLE_USER</recipient>
    </permission>
</folder>
