<?xml version="1.0" encoding="UTF-8"?>
<jdbcDataSource exportedWithPermissions="true">
    <folder>/datasources</folder>
    <name>postgres</name>
    <version>0</version>
    <label>postgres</label>
    <description>JDBC connection to PostgreSQL</description>
    <creationDate>2020-06-19T23:09:58.723Z</creationDate>
    <updateDate>2020-06-18T23:42:31.963Z</updateDate>
    <driver>org.postgresql.Driver</driver>
    <connectionUrl>jdbc:postgresql://postgres:5432/serendipity</connectionUrl>
    <connectionUser>admin</connectionUser>
    <connectionPassword>ENC&lt;4A5253495600000010EACB178223C85F688E337160F0067A82DF01D3D7FD25356A99CEA9F70EAB99FE&gt;</connectionPassword>
    <timezone></timezone>
</jdbcDataSource>
